AAACAT	AAACAT
AACAAC	AACAAC
AACCGA	AACCGA
AACGCT	AACGCT
AACGTG	AACGTG
AACTCA	AACTCA
AAGACG	AAGACG
AAGAGA	AAGAGA
AAGGAC	AAGGAC
AAGGTA	AAGGTA
AATCCG	AATCCG
AATGTT	AATGTT
ACAAGC	ACAAGC
ACACAG	ACACAG
ACACGA	ACACGA
ACAGAT	ACAGAT
ACAGCA	ACAGCA
ACATTG	ACATTG
ACCACT	ACCACT
ACCTCC	ACCTCC
ACGCTC	ACGCTC
ACGTAT	ACGTAT
ACTATG	ACTATG
AGAGTC	AGAGTC
AGATCG	AGATCG
AGATGT	AGATGT
AGCACC	AGCACC
AGCAGG	AGCAGG
AGCCAT	AGCCAT
AGGCTA	AGGCTA
AGTACA	AGTACA
AGTCAC	AGTCAC
AGTGGT	AGTGGT
ATAGCG	ATAGCG
ATCATT	ATCATT
ATCCTG	ATCCTG
ATGCCT	ATGCCT
ATTGAG	ATTGAG
ATTGGC	ATTGGC
CAACCA	CAACCA
CAAGAC	CAAGAC
CAAGGA	CAAGGA
CAATGG	CAATGG
CACCTT	CACCTT
CACTTC	CACTTC
CAGATC	CAGATC
CAGCGT	CAGCGT
CATACC	CATACC
CATCAA	CATCAA
CCAGTT	CCAGTT
CCATCC	CCATCC
CCGAAG	CCGAAG
CCGACA	CCGACA
CCGTGA	CCGTGA
CCTAAT	CCTAAT
CCTCCT	CCTCCT
CCTCTA	CCTCTA
CGAACT	CGAACT
CGACAC	CGACAC
CGACTG	CGACTG
CGCATA	CGCATA
CGCTGA	CGCTGA
CGGATT	CGGATT
CTAAGG	CTAAGG
CTCAAT	CTCAAT
CTGAGC	CTGAGC
CTGGCA	CTGGCA
CTGTAG	CTGTAG
GAACAG	GAACAG
GAATCT	GAATCT
GACAGT	GACAGT
GACTAG	GACTAG
GAGCTG	GAGCTG
GAGTTA	GAGTTA
GATAGA	GATAGA
GATGAA	GATGAA
GCCAAG	GCCAAG
GCCACA	GCCACA
GCGAGT	GCGAGT
GCTAAC	GCTAAC
GCTCGG	GCTCGG
GGAGAA	GGAGAA
GGTGCG	GGTGCG
GTACGC	GTACGC
GTCGTA	GTCGTA
GTCTGT	GTCTGT
GTGTTC	GTGTTC
TAGGAT	TAGGAT
TATCAG	TATCAG
TCCGTC	TCCGTC
TCTTCA	TCTTCA
TGAAGA	TGAAGA
TGGAAC	TGGAAC
TGGCTT	TGGCTT
TGGTGG	TGGTGG
TTCACG	TTCACG
