condition_id,run_id,attempt,attempt_dir,dataset,tool,measurement_track,sequence_output_policy,execution_mode,threads,replicate,input_records,emitted_records,non_nominal_sequence_records,output_length_validity_json,wall_seconds,user_cpu_seconds,system_cpu_seconds,peak_rss_kib,input_records_per_second,output_bytes,normalized_output_sha256
scirnaseq3-t1-r1-seqproc,93115785f3d3a47b0cb148ffd07de6853a2534008f4a26a4ef151e32fff57470,1,/scratch1/seqproc-ecosystem/campaigns/journal-performance-2026-08-17/runs/93115785f3d3a47b0cb148ffd07de6853a2534008f4a26a4ef151e32fff57470/attempt-0001,scirnaseq3,seqproc,timing,dev-null,best-practical-uncompressed,1,1,22088821,,0,[],16.135764829,15.47,0.61,9216,1368935.4817752966,0,
scirnaseq3-t1-r1-splitcode,7e68d9c2fde89a24c4b92209116a87250f083cc40aca76a77ab3c3a3ef5521a1,1,/scratch1/seqproc-ecosystem/campaigns/journal-performance-2026-08-17/runs/7e68d9c2fde89a24c4b92209116a87250f083cc40aca76a77ab3c3a3ef5521a1/attempt-0001,scirnaseq3,splitcode,timing,dev-null,best-practical-uncompressed,1,1,22088821,,0,[],26.948167333,26.46,0.43,53796,819678.0407011434,0,
scirnaseq3-t1-r1-matchbox,53d8847be2627ce646e3dc19ca777bb5a3179aaa4b6936bb1815552873974abb,1,/scratch1/seqproc-ecosystem/campaigns/journal-performance-2026-08-17/runs/53d8847be2627ce646e3dc19ca777bb5a3179aaa4b6936bb1815552873974abb/attempt-0001,scirnaseq3,matchbox,timing,dev-null,best-practical-uncompressed,1,1,22088821,,0,[],237.018113527,235.32,1.37,3196456,93194.65365453491,0,
scirnaseq3-t32-r1-matchbox,4dde0843a89ced3064e29ba3c71f18d1c034df8103f2a2d3f8718c47bc3bc276,1,/scratch1/seqproc-ecosystem/campaigns/journal-performance-2026-08-17/runs/4dde0843a89ced3064e29ba3c71f18d1c034df8103f2a2d3f8718c47bc3bc276/attempt-0001,scirnaseq3,matchbox,timing,dev-null,best-practical-uncompressed,32,1,22088821,,0,[],75.507811175,390.65,14.18,3175948,292536.8999083557,0,
scirnaseq3-t32-r1-seqproc,29125a4a4ca1a4b1cddbf0a4eef228464267c1b758aeb260c3570b998a1a46a1,1,/scratch1/seqproc-ecosystem/campaigns/journal-performance-2026-08-17/runs/29125a4a4ca1a4b1cddbf0a4eef228464267c1b758aeb260c3570b998a1a46a1/attempt-0001,scirnaseq3,seqproc,timing,dev-null,best-practical-uncompressed,32,1,22088821,,0,[],8.224508355,23.06,0.96,74752,2685731.4804199017,0,
scirnaseq3-t32-r1-splitcode,6ad22e4ac3e8856419ee28b33bdf299a668680ecc3f1033da4867eb801a742e3,1,/scratch1/seqproc-ecosystem/campaigns/journal-performance-2026-08-17/runs/6ad22e4ac3e8856419ee28b33bdf299a668680ecc3f1033da4867eb801a742e3/attempt-0001,scirnaseq3,splitcode,timing,dev-null,best-practical-uncompressed,32,1,22088821,,0,[],10.327387207,30.25,0.66,1861920,2138858.6054978156,0,
scirnaseq3-t1-r3-seqproc,c1561bc0e113100d448e899e0addc6e59b1a6399d803e227ef064bad14b8c52d,1,/scratch1/seqproc-ecosystem/campaigns/journal-performance-2026-08-17/runs/c1561bc0e113100d448e899e0addc6e59b1a6399d803e227ef064bad14b8c52d/attempt-0001,scirnaseq3,seqproc,timing,dev-null,best-practical-uncompressed,1,3,22088821,,0,[],16.13453628,15.5,0.56,9216,1369039.7180723932,0,
scirnaseq3-t1-r3-matchbox,9e771652d9aea7e55c36367f4d24a9c5f4c2f782561221c540a5b2904c51c2cd,1,/scratch1/seqproc-ecosystem/campaigns/journal-performance-2026-08-17/runs/9e771652d9aea7e55c36367f4d24a9c5f4c2f782561221c540a5b2904c51c2cd/attempt-0001,scirnaseq3,matchbox,timing,dev-null,best-practical-uncompressed,1,3,22088821,,0,[],232.461379874,230.69,1.45,3196028,95021.46555256924,0,
scirnaseq3-t1-r3-splitcode,8751abba361e836e43eeabe3d0a51cb5bc08a7ed7bff40fecac49a966dc362ea,1,/scratch1/seqproc-ecosystem/campaigns/journal-performance-2026-08-17/runs/8751abba361e836e43eeabe3d0a51cb5bc08a7ed7bff40fecac49a966dc362ea/attempt-0001,scirnaseq3,splitcode,timing,dev-null,best-practical-uncompressed,1,3,22088821,,0,[],26.748998853,26.25,0.43,53968,825781.2234913852,0,
scirnaseq3-t16-r1-matchbox,e5bc86caae85838c0ab39f86821281139a12c87c7d466dfb8942f5bceb315672,1,/scratch1/seqproc-ecosystem/campaigns/journal-performance-2026-08-17/runs/e5bc86caae85838c0ab39f86821281139a12c87c7d466dfb8942f5bceb315672/attempt-0001,scirnaseq3,matchbox,timing,dev-null,best-practical-uncompressed,16,1,22088821,,0,[],72.65463158,304.19,2.26,3185220,304024.95366971893,0,
scirnaseq3-t16-r1-splitcode,9fd8b6d82bedf34497bd95e1428b12b852e1cecd7d242f2b470a32a2909ec299,1,/scratch1/seqproc-ecosystem/campaigns/journal-performance-2026-08-17/runs/9fd8b6d82bedf34497bd95e1428b12b852e1cecd7d242f2b470a32a2909ec299/attempt-0001,scirnaseq3,splitcode,timing,dev-null,best-practical-uncompressed,16,1,22088821,,0,[],11.629077632,32.96,0.58,913772,1899447.3765673114,0,
scirnaseq3-t16-r1-seqproc,87b644c22d853d87d071ca7a0c935f903d63c1d9b62f8c699ff51b5a26a50859,1,/scratch1/seqproc-ecosystem/campaigns/journal-performance-2026-08-17/runs/87b644c22d853d87d071ca7a0c935f903d63c1d9b62f8c699ff51b5a26a50859/attempt-0001,scirnaseq3,seqproc,timing,dev-null,best-practical-uncompressed,16,1,22088821,,0,[],6.422416195,19.94,0.9,39936,3439331.9164205925,0,
scirnaseq3-t4-r3-matchbox,eddfedea7248c90ca0988238579af62e2f062bb7caeae40d99d0fa1d44cd8c04,1,/scratch1/seqproc-ecosystem/campaigns/journal-performance-2026-08-17/runs/eddfedea7248c90ca0988238579af62e2f062bb7caeae40d99d0fa1d44cd8c04/attempt-0001,scirnaseq3,matchbox,timing,dev-null,best-practical-uncompressed,4,3,22088821,,0,[],87.872095271,232.43,1.45,3195096,251374.69331848132,0,
scirnaseq3-t4-r3-splitcode,224d1dcd7307fc109f3eb41ea6fa30fdbfbe378762e74feaecb3e7c8be9ee5a9,1,/scratch1/seqproc-ecosystem/campaigns/journal-performance-2026-08-17/runs/224d1dcd7307fc109f3eb41ea6fa30fdbfbe378762e74feaecb3e7c8be9ee5a9/attempt-0001,scirnaseq3,splitcode,timing,dev-null,best-practical-uncompressed,4,3,22088821,,0,[],12.881498439,36.09,0.5,187136,1714771.0807559413,0,
scirnaseq3-t4-r3-seqproc,cd8affb0f602603475d6ffd431c808b2a4e1c0b318c88693295cfaf2bb5ff3e4,1,/scratch1/seqproc-ecosystem/campaigns/journal-performance-2026-08-17/runs/cd8affb0f602603475d6ffd431c808b2a4e1c0b318c88693295cfaf2bb5ff3e4/attempt-0001,scirnaseq3,seqproc,timing,dev-null,best-practical-uncompressed,4,3,22088821,,0,[],6.272238529,15.92,0.59,14336,3521680.640471701,0,
scirnaseq3-t4-r1-matchbox,2fa1cd0454d6750168c2fd158d3bdde77ab308edcb770b9bb267e4cdb74fcab3,1,/scratch1/seqproc-ecosystem/campaigns/journal-performance-2026-08-17/runs/2fa1cd0454d6750168c2fd158d3bdde77ab308edcb770b9bb267e4cdb74fcab3/attempt-0001,scirnaseq3,matchbox,timing,dev-null,best-practical-uncompressed,4,1,22088821,,0,[],87.52184552,231.74,1.49,3193104,252380.65843746846,0,
scirnaseq3-t4-r1-splitcode,84f26b4f7d8d269891bbc7377c0357f3025a1d84212d2c02e7d05b0302f6787f,1,/scratch1/seqproc-ecosystem/campaigns/journal-performance-2026-08-17/runs/84f26b4f7d8d269891bbc7377c0357f3025a1d84212d2c02e7d05b0302f6787f/attempt-0001,scirnaseq3,splitcode,timing,dev-null,best-practical-uncompressed,4,1,22088821,,0,[],12.881150265,36.09,0.48,186940,1714817.430553435,0,
scirnaseq3-t4-r1-seqproc,ca796260e003324bf66007b121334f9f3663f9d08a07aba1ab98156ef7be65e5,1,/scratch1/seqproc-ecosystem/campaigns/journal-performance-2026-08-17/runs/ca796260e003324bf66007b121334f9f3663f9d08a07aba1ab98156ef7be65e5/attempt-0001,scirnaseq3,seqproc,timing,dev-null,best-practical-uncompressed,4,1,22088821,,0,[],6.422774248,15.93,0.61,15360,3439140.1825898336,0,
scirnaseq3-t16-r3-seqproc,ebd042b8e0c0709aab1bdca9d24694d731962a857426d7f7dac19c951a813f41,1,/scratch1/seqproc-ecosystem/campaigns/journal-performance-2026-08-17/runs/ebd042b8e0c0709aab1bdca9d24694d731962a857426d7f7dac19c951a813f41/attempt-0001,scirnaseq3,seqproc,timing,dev-null,best-practical-uncompressed,16,3,22088821,,0,[],6.472438524,19.73,0.87,38912,3412750.993013526,0,
scirnaseq3-t16-r3-splitcode,1c936f498d571cfde19e36d30b7e39f314eac2f90bfb9c3840a1349b07a14f5a,1,/scratch1/seqproc-ecosystem/campaigns/journal-performance-2026-08-17/runs/1c936f498d571cfde19e36d30b7e39f314eac2f90bfb9c3840a1349b07a14f5a/attempt-0001,scirnaseq3,splitcode,timing,dev-null,best-practical-uncompressed,16,3,22088821,,0,[],11.679247833,33.08,0.57,931948,1891287.9764043964,0,
scirnaseq3-t16-r3-matchbox,c560c3fa356853105ce8d34249b99a95977e4e217e1d0a89a62df828c114ec3a,1,/scratch1/seqproc-ecosystem/campaigns/journal-performance-2026-08-17/runs/c560c3fa356853105ce8d34249b99a95977e4e217e1d0a89a62df828c114ec3a/attempt-0001,scirnaseq3,matchbox,timing,dev-null,best-practical-uncompressed,16,3,22088821,,0,[],71.452977405,302.33,2.43,3187664,309137.86663919076,0,
scirnaseq3-t32-r2-splitcode,84d9e26213f484dccf06631bd17eb23df06f9b99d165fabd33d0e609e03c16eb,1,/scratch1/seqproc-ecosystem/campaigns/journal-performance-2026-08-17/runs/84d9e26213f484dccf06631bd17eb23df06f9b99d165fabd33d0e609e03c16eb/attempt-0001,scirnaseq3,splitcode,timing,dev-null,best-practical-uncompressed,32,2,22088821,,0,[],10.427567162,30.49,0.63,1877700,2118310.1155651896,0,
scirnaseq3-t32-r2-matchbox,983c817cfb3de7a01f41d2a2d74eb4577c71a1aea9f9c3ecede8cf967d0feed2,1,/scratch1/seqproc-ecosystem/campaigns/journal-performance-2026-08-17/runs/983c817cfb3de7a01f41d2a2d74eb4577c71a1aea9f9c3ecede8cf967d0feed2/attempt-0001,scirnaseq3,matchbox,timing,dev-null,best-practical-uncompressed,32,2,22088821,,0,[],74.204158491,385.6,14.64,3178252,297676.3223139184,0,
scirnaseq3-t32-r2-seqproc,0fb8cad9c18ff6eb6dd484aa80e0849c199be398601da1b5be02cffca82835af,1,/scratch1/seqproc-ecosystem/campaigns/journal-performance-2026-08-17/runs/0fb8cad9c18ff6eb6dd484aa80e0849c199be398601da1b5be02cffca82835af/attempt-0001,scirnaseq3,seqproc,timing,dev-null,best-practical-uncompressed,32,2,22088821,,0,[],6.77182894,20.89,0.93,74752,3261869.311187887,0,
scirnaseq3-t1-r2-splitcode,9ebdc6c4d3284e93864c912415fa20065e059e3712f1289c1971a22b3eef05bd,1,/scratch1/seqproc-ecosystem/campaigns/journal-performance-2026-08-17/runs/9ebdc6c4d3284e93864c912415fa20065e059e3712f1289c1971a22b3eef05bd/attempt-0001,scirnaseq3,splitcode,timing,dev-null,best-practical-uncompressed,1,2,22088821,,0,[],27.199473729,26.73,0.4,53708,812104.7201162926,0,
scirnaseq3-t1-r2-matchbox,19bc7864998cd6fc6220a030947704be8effdd173d527fd1a2ef4c6db26db1eb,1,/scratch1/seqproc-ecosystem/campaigns/journal-performance-2026-08-17/runs/19bc7864998cd6fc6220a030947704be8effdd173d527fd1a2ef4c6db26db1eb/attempt-0001,scirnaseq3,matchbox,timing,dev-null,best-practical-uncompressed,1,2,22088821,,0,[],232.512042828,230.72,1.39,3196844,95000.76095559546,0,
scirnaseq3-t1-r2-seqproc,a6cc8fe97928d40ae8582bb9511d59ba5ad551d253f66731452f7719ed7b7d40,1,/scratch1/seqproc-ecosystem/campaigns/journal-performance-2026-08-17/runs/a6cc8fe97928d40ae8582bb9511d59ba5ad551d253f66731452f7719ed7b7d40/attempt-0001,scirnaseq3,seqproc,timing,dev-null,best-practical-uncompressed,1,2,22088821,,0,[],16.084922911,15.47,0.57,9216,1373262.4720814866,0,
scirnaseq3-t16-r2-seqproc,585f65158feb222820c243347d89a9961bf801d9ea6af0c2a24e1ccf39d8574c,1,/scratch1/seqproc-ecosystem/campaigns/journal-performance-2026-08-17/runs/585f65158feb222820c243347d89a9961bf801d9ea6af0c2a24e1ccf39d8574c/attempt-0001,scirnaseq3,seqproc,timing,dev-null,best-practical-uncompressed,16,2,22088821,,0,[],6.472551728,19.49,0.9,39936,3412691.3044888685,0,
scirnaseq3-t16-r2-splitcode,b01d67f9e1541742b2c33f367645981824813b4246fcd15024ac31a7da57fc84,1,/scratch1/seqproc-ecosystem/campaigns/journal-performance-2026-08-17/runs/b01d67f9e1541742b2c33f367645981824813b4246fcd15024ac31a7da57fc84/attempt-0001,scirnaseq3,splitcode,timing,dev-null,best-practical-uncompressed,16,2,22088821,,0,[],11.685017378,32.94,0.55,905520,1890354.1420133265,0,
scirnaseq3-t16-r2-matchbox,0df91331a01cb9acb54d1b4d95630d2ec5c1cdfbef8ffdc32dc30552f68818e6,1,/scratch1/seqproc-ecosystem/campaigns/journal-performance-2026-08-17/runs/0df91331a01cb9acb54d1b4d95630d2ec5c1cdfbef8ffdc32dc30552f68818e6/attempt-0001,scirnaseq3,matchbox,timing,dev-null,best-practical-uncompressed,16,2,22088821,,0,[],72.505193519,305.51,2.29,3187296,304651.5694660082,0,
scirnaseq3-t4-r2-seqproc,35553d76d5917f1255822f396981487bba37244dbe02bca6137e63bb4dfc1378,1,/scratch1/seqproc-ecosystem/campaigns/journal-performance-2026-08-17/runs/35553d76d5917f1255822f396981487bba37244dbe02bca6137e63bb4dfc1378/attempt-0001,scirnaseq3,seqproc,timing,dev-null,best-practical-uncompressed,4,2,22088821,,0,[],6.572946124,15.98,0.6,15360,3360566.264090681,0,
scirnaseq3-t4-r2-matchbox,a9d27ae7f5ad5215f475c03aa557034ef85be7ffbf2c1763345cd79c5902cb93,1,/scratch1/seqproc-ecosystem/campaigns/journal-performance-2026-08-17/runs/a9d27ae7f5ad5215f475c03aa557034ef85be7ffbf2c1763345cd79c5902cb93/attempt-0001,scirnaseq3,matchbox,timing,dev-null,best-practical-uncompressed,4,2,22088821,,0,[],89.329053137,234.98,1.66,3192804,247274.7692301558,0,
scirnaseq3-t4-r2-splitcode,b1994300247f874b5f892ef60a06481a876f617648af3c4adb13dfc560f6b698,1,/scratch1/seqproc-ecosystem/campaigns/journal-performance-2026-08-17/runs/b1994300247f874b5f892ef60a06481a876f617648af3c4adb13dfc560f6b698/attempt-0001,scirnaseq3,splitcode,timing,dev-null,best-practical-uncompressed,4,2,22088821,,0,[],12.880777543,36.16,0.46,185460,1714867.0510192972,0,
scirnaseq3-t32-r3-splitcode,81673a19cf568cb0c26923ab0607c1d76d0e7f166cbc6952fcf13af8865c3694,1,/scratch1/seqproc-ecosystem/campaigns/journal-performance-2026-08-17/runs/81673a19cf568cb0c26923ab0607c1d76d0e7f166cbc6952fcf13af8865c3694/attempt-0001,scirnaseq3,splitcode,timing,dev-null,best-practical-uncompressed,32,3,22088821,,0,[],10.380712477,30.47,0.74,1849060,2127871.381558929,0,
scirnaseq3-t32-r3-matchbox,d40035b8c92407096a253ab00a143fda960243a2e0c15338c6491e07d831a86b,1,/scratch1/seqproc-ecosystem/campaigns/journal-performance-2026-08-17/runs/d40035b8c92407096a253ab00a143fda960243a2e0c15338c6491e07d831a86b/attempt-0001,scirnaseq3,matchbox,timing,dev-null,best-practical-uncompressed,32,3,22088821,,0,[],75.75744542,393.8,13.6,3178868,291572.93883841205,0,
scirnaseq3-t32-r3-seqproc,d51dc9f6988e3cb88f0f1a16c06011c7137851de2e00790fbe3134456b85b4bc,1,/scratch1/seqproc-ecosystem/campaigns/journal-performance-2026-08-17/runs/d51dc9f6988e3cb88f0f1a16c06011c7137851de2e00790fbe3134456b85b4bc/attempt-0001,scirnaseq3,seqproc,timing,dev-null,best-practical-uncompressed,32,3,22088821,,0,[],6.772906227,21.37,0.96,73728,3261350.4837766006,0,
